Gender,Married,Dependents,Education,Self_Employed,Applicant_Income,Coapplicant_Income,Loan_Amount,Term,Credit_History,Area,Status
Male,Yes,0,Graduate,No,572000,0.0,11000000,360.0,1.0,Urban,
Male,Yes,1,Graduate,No,307600,150000.0,12600000,360.0,1.0,Urban,
Male,Yes,2,Graduate,No,500000,180000.0,20800000,360.0,1.0,Urban,
Male,Yes,2,Graduate,No,234000,254600.0,10000000,360.0,,Urban,
Male,No,0,Not Graduate,No,327600,0.0,7800000,360.0,1.0,Urban,
Male,Yes,0,Not Graduate,Yes,216500,342200.0,15200000,360.0,1.0,Urban,
Female,No,1,Not Graduate,No,222600,0.0,5900000,360.0,1.0,Semiurban,
Male,Yes,2,Not Graduate,No,388100,0.0,14700000,360.0,0.0,Rural,
Male,Yes,2,Graduate,,1363300,0.0,28000000,240.0,1.0,Urban,
Male,No,0,Not Graduate,No,240000,240000.0,12300000,360.0,1.0,Semiurban,
Male,No,0,Not Graduate,No,309100,0.0,9000000,360.0,1.0,Urban,
Male,Yes,1,Graduate,,218500,151600.0,16200000,360.0,1.0,Semiurban,
Male,No,3+,Graduate,No,416600,0.0,4000000,180.0,,Urban,
Male,Yes,2,Graduate,,1217300,0.0,16600000,360.0,0.0,Semiurban,
Female,No,0,Graduate,No,466600,0.0,12400000,360.0,1.0,Semiurban,
Male,No,1,Graduate,No,566700,0.0,13100000,360.0,1.0,Urban,
Male,Yes,2,Graduate,No,458300,291600.0,20000000,360.0,1.0,Urban,
Male,Yes,3+,Graduate,No,378600,33300.0,12600000,360.0,1.0,Semiurban,
Male,Yes,0,Graduate,No,922600,791600.0,30000000,360.0,1.0,Urban,
Male,No,0,Graduate,No,130000,347000.0,10000000,180.0,1.0,Semiurban,
Male,Yes,1,Not Graduate,No,188800,162000.0,4800000,360.0,1.0,Urban,
Female,No,3+,Not Graduate,No,208300,0.0,2800000,180.0,1.0,Urban,
,No,0,Graduate,No,390900,0.0,10100000,360.0,1.0,Urban,
Female,No,0,Not Graduate,No,376500,0.0,12500000,360.0,1.0,Urban,
Male,Yes,0,Graduate,No,540000,438000.0,29000000,360.0,1.0,Urban,
Male,No,0,Graduate,No,0,2400000.0,14800000,360.0,0.0,Rural,
Male,Yes,2,Graduate,No,436300,125000.0,14000000,360.0,,Urban,
Male,Yes,0,Graduate,No,750000,375000.0,27500000,360.0,1.0,Urban,
Male,Yes,0,Graduate,No,377200,83300.0,5700000,360.0,,Semiurban,
Male,No,0,Graduate,No,294200,238200.0,12500000,180.0,1.0,Urban,
Female,No,0,Not Graduate,No,247800,0.0,7500000,360.0,1.0,Semiurban,
Male,Yes,2,Graduate,No,625000,82000.0,19200000,360.0,1.0,Urban,
Male,No,0,Graduate,No,326800,168300.0,15200000,360.0,1.0,Semiurban,
Male,Yes,0,Graduate,No,278300,270800.0,15800000,360.0,1.0,Urban,
Male,Yes,0,Graduate,No,274000,154100.0,10100000,360.0,1.0,Urban,
Male,No,0,Graduate,No,315000,0.0,17600000,360.0,0.0,Semiurban,
Male,Yes,2,Graduate,,735000,402900.0,18500000,180.0,1.0,Urban,
Male,Yes,0,Graduate,Yes,226700,279200.0,9000000,360.0,1.0,Urban,
Male,No,0,Graduate,Yes,583300,0.0,11600000,360.0,1.0,Urban,
Male,No,0,Graduate,No,364300,196300.0,13800000,360.0,1.0,Urban,
Male,Yes,0,Graduate,No,562900,81800.0,10000000,360.0,1.0,Urban,
Female,No,0,Graduate,No,364400,0.0,11000000,360.0,1.0,Urban,
Male,Yes,0,Not Graduate,No,175000,202400.0,9000000,360.0,1.0,Semiurban,
Male,No,0,Graduate,No,650000,260000.0,20000000,360.0,1.0,Semiurban,
Female,No,0,Graduate,No,366600,0.0,8400000,360.0,1.0,Urban,
Male,Yes,0,Graduate,No,426000,390000.0,18500000,,,Urban,
Male,Yes,,Not Graduate,No,416300,147500.0,16200000,360.0,1.0,Urban,
Male,No,0,Not Graduate,No,235600,190200.0,10800000,360.0,1.0,Semiurban,
Male,No,0,Graduate,No,679200,333800.0,18700000,,1.0,Urban,
Male,Yes,3+,Not Graduate,Yes,800000,25000.0,18700000,360.0,1.0,Semiurban,
Male,Yes,1,Graduate,No,241900,170700.0,12400000,360.0,1.0,Urban,
,Yes,3+,Not Graduate,No,350000,83300.0,12000000,360.0,1.0,Semiurban,
Male,Yes,1,Graduate,No,350000,307700.0,16000000,360.0,1.0,Semiurban,
Male,Yes,2,Graduate,No,411600,100000.0,3000000,180.0,1.0,Urban,
Male,Yes,0,Not Graduate,Yes,529300,0.0,9200000,360.0,1.0,Urban,
Male,No,0,Graduate,No,275000,0.0,13000000,360.0,0.0,Urban,
Female,No,0,Not Graduate,No,440200,0.0,13000000,360.0,1.0,Rural,
Male,Yes,2,Graduate,No,361300,353900.0,13400000,180.0,1.0,Semiurban,
Female,Yes,2,Graduate,No,277900,366400.0,17600000,360.0,0.0,Semiurban,
Male,Yes,3+,Graduate,No,472000,0.0,9000000,180.0,1.0,Semiurban,
Male,Yes,0,Not Graduate,No,241500,172100.0,11000000,360.0,1.0,Semiurban,
Male,Yes,0,Graduate,Yes,701600,29200.0,12500000,360.0,1.0,Urban,
Female,No,2,Graduate,No,496800,0.0,18900000,360.0,1.0,Semiurban,
Female,No,0,Graduate,No,210100,150000.0,10800000,360.0,0.0,Rural,
Male,Yes,3+,Not Graduate,No,449000,0.0,12500000,360.0,1.0,Urban,
Male,Yes,0,Graduate,No,291700,358300.0,13800000,360.0,1.0,Semiurban,
Male,Yes,0,Not Graduate,No,470000,0.0,13500000,360.0,0.0,Semiurban,
Male,Yes,0,Graduate,No,344500,0.0,13000000,360.0,0.0,Semiurban,
Male,Yes,0,Graduate,No,766600,0.0,18700000,360.0,1.0,Semiurban,
Male,Yes,0,Graduate,No,245800,510500.0,18800000,360.0,0.0,Rural,
Female,No,,Graduate,No,325000,0.0,9500000,360.0,1.0,Semiurban,
Male,No,0,Graduate,No,446300,0.0,6500000,360.0,1.0,Semiurban,
Male,Yes,1,Graduate,,408300,177500.0,13900000,60.0,1.0,Urban,
Male,Yes,0,Graduate,Yes,390000,209400.0,23200000,360.0,1.0,Rural,
Male,Yes,0,Not Graduate,No,475000,358300.0,14400000,360.0,1.0,Semiurban,
Male,No,0,Graduate,No,358300,343500.0,15500000,360.0,1.0,Urban,
Male,Yes,0,Graduate,No,318900,236700.0,18600000,360.0,1.0,Urban,
Male,No,0,Graduate,Yes,635600,0.0,5000000,360.0,1.0,Rural,
Male,Yes,1,Graduate,No,341300,405300.0,0,360.0,1.0,Semiurban,
Female,Yes,0,Graduate,No,795000,0.0,18500000,360.0,1.0,Urban,
Male,Yes,3+,Graduate,No,382900,110300.0,16300000,360.0,0.0,Urban,
Male,Yes,3+,Graduate,No,7252900,0.0,36000000,360.0,1.0,Urban,
Male,Yes,2,Not Graduate,No,413600,0.0,14900000,480.0,0.0,Rural,
Male,Yes,0,Graduate,No,844900,0.0,25700000,360.0,1.0,Rural,
Male,Yes,0,Graduate,No,445600,0.0,13100000,180.0,0.0,Semiurban,
Male,Yes,2,Graduate,No,463500,800000.0,10200000,180.0,1.0,Rural,
Male,Yes,0,Graduate,No,357100,191700.0,13500000,360.0,1.0,Urban,
Male,No,0,Graduate,No,306600,0.0,9500000,360.0,1.0,Semiurban,
Male,No,2,Not Graduate,No,323500,201500.0,7700000,360.0,1.0,Semiurban,
Female,No,0,Graduate,,505800,0.0,20000000,360.0,1.0,Rural,
Male,Yes,0,Graduate,Yes,318800,228600.0,13000000,360.0,,Rural,
Male,Yes,3+,Graduate,No,1351800,0.0,39000000,360.0,1.0,Rural,
Male,Yes,1,Graduate,No,436400,250000.0,18500000,360.0,1.0,Semiurban,
Male,Yes,2,Not Graduate,No,476600,164600.0,10000000,360.0,1.0,Semiurban,
Male,Yes,1,Graduate,No,460900,233300.0,12300000,360.0,0.0,Semiurban,
Female,Yes,3+,Graduate,No,626000,0.0,11000000,360.0,1.0,Semiurban,
Male,Yes,1,Graduate,No,333300,420000.0,25600000,360.0,1.0,Urban,
Male,Yes,0,Graduate,No,350000,325000.0,14000000,360.0,1.0,Semiurban,
Male,Yes,3+,Graduate,No,971900,0.0,6100000,360.0,1.0,Urban,
Male,Yes,3+,Graduate,No,683500,0.0,18800000,360.0,,Semiurban,
Male,No,0,Graduate,No,445200,0.0,13100000,360.0,1.0,Rural,
Female,Yes,0,Graduate,No,226200,0.0,0,480.0,0.0,Semiurban,
Male,Yes,1,Graduate,No,390100,0.0,11600000,360.0,1.0,Urban,
Male,Yes,2,Not Graduate,No,268700,0.0,5000000,180.0,1.0,Rural,
Male,No,0,Graduate,No,224300,223300.0,10700000,360.0,,Semiurban,
Female,Yes,0,Graduate,No,341700,128700.0,20000000,360.0,1.0,Semiurban,
,No,0,Graduate,No,159600,176000.0,11900000,360.0,0.0,Urban,
Male,Yes,3+,Graduate,No,451300,0.0,12000000,360.0,1.0,Rural,
Male,Yes,0,Graduate,No,450000,0.0,14000000,360.0,1.0,Semiurban,
Male,Yes,0,Not Graduate,No,452300,135000.0,16500000,360.0,1.0,Urban,
Female,No,0,Graduate,Yes,474200,0.0,10800000,360.0,1.0,Semiurban,
Male,Yes,,Graduate,No,408200,0.0,9300000,360.0,1.0,Semiurban,
Female,No,0,Graduate,No,341700,0.0,10200000,360.0,1.0,Urban,
Female,Yes,2,Graduate,No,292200,339600.0,12200000,360.0,1.0,Semiurban,
Male,Yes,0,Graduate,No,416700,475400.0,16000000,360.0,1.0,Rural,
Male,No,3+,Graduate,No,424300,412300.0,15700000,360.0,,Semiurban,
Female,No,0,Not Graduate,No,0,176000.0,18000000,360.0,1.0,Semiurban,
Male,Yes,1,Graduate,No,151600,290000.0,8000000,,0.0,Rural,
Female,No,0,Graduate,No,176200,266600.0,10400000,360.0,0.0,Urban,
Male,Yes,2,Graduate,No,72400,351000.0,21300000,360.0,0.0,Rural,
Male,No,0,Graduate,No,312500,0.0,6500000,360.0,1.0,Urban,
Male,Yes,0,Graduate,No,233300,380300.0,14600000,360.0,1.0,Rural,
Male,Yes,3+,Graduate,No,335000,156000.0,13500000,360.0,1.0,Urban,
Male,No,0,Graduate,No,250000,641400.0,18700000,360.0,0.0,Rural,
Female,No,0,Graduate,No,1250000,0.0,30000000,360.0,0.0,Urban,
Male,No,0,Graduate,No,466700,0.0,12000000,360.0,1.0,Semiurban,
Male,No,0,Graduate,No,650000,0.0,7100000,360.0,0.0,Urban,
Male,Yes,2,Graduate,No,750000,0.0,22500000,360.0,1.0,Urban,
Male,No,0,Graduate,No,307300,0.0,7000000,180.0,1.0,Urban,
Male,Yes,1,Not Graduate,No,332100,208800.0,7000000,,1.0,Semiurban,
Male,Yes,0,Graduate,No,333300,127000.0,12400000,360.0,1.0,Urban,
Male,No,0,Graduate,No,339100,0.0,13200000,360.0,1.0,Rural,
Male,Yes,1,Graduate,Yes,334300,151700.0,10500000,360.0,1.0,Rural,
Female,No,1,Graduate,No,362000,0.0,9000000,360.0,1.0,Urban,
Male,No,0,Graduate,No,400000,0.0,8300000,84.0,1.0,Urban,
Male,Yes,0,Graduate,No,425800,0.0,12500000,360.0,1.0,Urban,
Male,Yes,2,Graduate,No,450000,0.0,14700000,360.0,1.0,Rural,
Male,Yes,1,Graduate,No,201400,292500.0,12000000,360.0,1.0,Rural,
,No,,Graduate,No,333300,125000.0,11000000,360.0,1.0,Semiurban,
Female,No,3+,Graduate,No,408300,0.0,10300000,360.0,,Semiurban,
Male,No,0,Graduate,No,472700,0.0,15000000,360.0,0.0,Rural,
Male,Yes,3+,Graduate,No,308900,299900.0,10000000,240.0,1.0,Rural,
Male,Yes,3+,Not Graduate,,679400,52800.0,13900000,360.0,0.0,Urban,
Male,Yes,0,Graduate,Yes,3200000,0.0,55000000,360.0,,Semiurban,
Male,Yes,2,Graduate,Yes,1089000,0.0,26000000,12.0,1.0,Rural,
Female,No,0,Graduate,No,1294100,0.0,15000000,300.0,1.0,Urban,
Male,No,0,Not Graduate,No,327600,0.0,9000000,360.0,1.0,Semiurban,
Male,No,0,Not Graduate,Yes,870300,0.0,19900000,360.0,0.0,Rural,
Male,Yes,1,Graduate,No,474200,71700.0,13900000,360.0,1.0,Semiurban,
Male,No,0,Graduate,No,590000,0.0,15000000,360.0,1.0,Urban,
Male,No,0,Graduate,No,307100,430900.0,18000000,360.0,1.0,Urban,
Male,Yes,0,Graduate,No,278300,145600.0,11300000,360.0,1.0,Urban,
Male,No,0,Graduate,No,500000,0.0,14800000,360.0,1.0,Rural,
Male,Yes,1,Not Graduate,No,246300,236000.0,11700000,360.0,0.0,Urban,
Male,Yes,2,Graduate,No,485500,0.0,7200000,360.0,1.0,Rural,
Male,No,0,Not Graduate,Yes,159900,247400.0,12500000,300.0,1.0,Semiurban,
Male,Yes,2,Graduate,Yes,424600,424600.0,21400000,360.0,1.0,Urban,
Male,Yes,0,Graduate,No,433300,229100.0,13300000,350.0,1.0,Rural,
Male,No,1,Graduate,No,582300,252900.0,18700000,360.0,1.0,Semiurban,
Male,Yes,0,Not Graduate,No,789500,0.0,14300000,360.0,1.0,Rural,
Male,No,0,Graduate,No,415000,425600.0,20900000,360.0,1.0,Rural,
Male,No,0,Graduate,,296400,0.0,8400000,360.0,0.0,Semiurban,
Male,No,0,Graduate,No,558300,0.0,11600000,360.0,1.0,Urban,
Female,No,0,Graduate,No,270800,0.0,6500000,360.0,1.0,Rural,
Male,No,1,Graduate,No,318000,237000.0,8000000,240.0,,Rural,
Male,No,0,Not Graduate,No,226800,0.0,17000000,360.0,0.0,Semiurban,
Male,No,2,Not Graduate,No,114100,201700.0,12000000,360.0,0.0,Urban,
Male,Yes,0,Graduate,No,304200,316700.0,13500000,360.0,1.0,Urban,
Female,Yes,3+,Graduate,,175000,293500.0,9400000,360.0,0.0,Semiurban,
Female,Yes,1,Graduate,No,356400,0.0,7900000,360.0,1.0,Rural,
Female,No,0,Graduate,No,395800,0.0,11000000,360.0,1.0,Rural,
Male,Yes,2,Not Graduate,No,448300,0.0,13000000,360.0,1.0,Rural,
Male,Yes,0,Graduate,No,522500,0.0,14300000,360.0,1.0,Rural,
Male,No,0,Graduate,No,301700,284500.0,15900000,180.0,0.0,Urban,
Male,Yes,0,Not Graduate,No,243100,182000.0,11000000,360.0,0.0,Rural,
Male,Yes,2,Graduate,,491200,461400.0,16000000,360.0,1.0,Rural,
Male,Yes,2,Not Graduate,No,250000,333300.0,13100000,360.0,1.0,Urban,
Female,No,0,Graduate,No,291800,0.0,6500000,360.0,,Rural,
Male,Yes,2,Graduate,No,512800,0.0,14300000,360.0,1.0,Rural,
Male,Yes,3+,Graduate,No,1531200,0.0,18700000,360.0,,Urban,
Male,Yes,2,Graduate,No,395800,263200.0,16000000,360.0,1.0,Semiurban,
Male,Yes,0,Graduate,No,433400,294500.0,16500000,360.0,1.0,Semiurban,
Male,Yes,2,Graduate,No,435800,0.0,11000000,360.0,1.0,Urban,
Female,Yes,1,Graduate,No,400000,391700.0,17300000,360.0,1.0,Rural,
Male,Yes,3+,Graduate,No,1016600,75000.0,15000000,,1.0,Urban,
Male,Yes,0,Not Graduate,No,448300,0.0,13500000,360.0,,Semiurban,
Male,Yes,2,Not Graduate,No,452100,118400.0,15000000,360.0,1.0,Semiurban,
Male,Yes,2,Graduate,No,916700,0.0,23500000,360.0,1.0,Semiurban,
Male,Yes,0,Not Graduate,No,1308300,0.0,0,360.0,1.0,Rural,
Male,Yes,2,Graduate,No,787400,396700.0,33600000,360.0,1.0,Rural,
Female,Yes,1,Graduate,No,433300,0.0,13200000,84.0,1.0,Rural,
Male,No,0,Graduate,No,408300,0.0,9600000,360.0,1.0,Urban,
Male,Yes,2,Not Graduate,,378500,291200.0,18000000,360.0,0.0,Rural,
Male,Yes,3+,Not Graduate,No,265400,199800.0,12800000,360.0,0.0,Rural,
Male,Yes,1,Graduate,No,1000000,269000.0,41200000,360.0,1.0,Semiurban,
Male,No,0,Graduate,Yes,583300,0.0,11600000,360.0,1.0,Urban,
Male,Yes,1,Graduate,No,479600,0.0,11400000,360.0,0.0,Semiurban,
Male,Yes,0,Not Graduate,No,200000,160000.0,11500000,360.0,1.0,Rural,
Male,Yes,2,Graduate,No,254000,70000.0,10400000,360.0,0.0,Urban,
Male,Yes,0,Graduate,Yes,190000,144200.0,8800000,360.0,1.0,Rural,
Male,Yes,0,Graduate,Yes,870600,0.0,10800000,480.0,1.0,Rural,
Male,Yes,3+,Not Graduate,No,285500,54200.0,9000000,360.0,1.0,Urban,
Male,Yes,,Graduate,No,301600,130000.0,10000000,360.0,,Urban,
Female,Yes,0,Graduate,No,315900,237400.0,10800000,360.0,1.0,Semiurban,
Female,No,0,Graduate,No,193700,115200.0,7800000,360.0,1.0,Semiurban,
Male,Yes,0,Graduate,No,261300,241700.0,12300000,360.0,1.0,Semiurban,
Male,Yes,1,Graduate,No,496000,260000.0,18700000,360.0,1.0,Semiurban,
Male,Yes,1,Graduate,No,307400,108300.0,14600000,360.0,1.0,Semiurban,
Female,No,0,Graduate,No,421300,0.0,8000000,360.0,1.0,Urban,
,No,1,Not Graduate,No,203800,402700.0,10000000,360.0,1.0,Rural,
Female,No,0,Graduate,No,236200,0.0,5500000,360.0,1.0,Urban,
Male,No,0,Graduate,No,533300,240000.0,20000000,360.0,0.0,Rural,
Male,Yes,3+,Graduate,Yes,538400,0.0,15000000,360.0,1.0,Semiurban,
Male,No,0,Graduate,No,570800,0.0,15000000,360.0,1.0,Rural,
Male,Yes,0,Not Graduate,No,375400,371900.0,11800000,,1.0,Rural,
Male,Yes,0,Not Graduate,No,291400,213000.0,15000000,300.0,1.0,Urban,
Male,Yes,0,Not Graduate,No,274700,245800.0,11800000,36.0,1.0,Semiurban,
Male,Yes,0,Graduate,No,783000,218300.0,21200000,360.0,1.0,Rural,
Male,Yes,1,Graduate,Yes,350700,314800.0,21200000,360.0,1.0,Rural,
Male,Yes,1,Graduate,No,374700,213900.0,12500000,360.0,1.0,Urban,
Male,Yes,0,Graduate,No,216600,216600.0,10800000,360.0,,Urban,
Male,Yes,0,Not Graduate,No,350000,216800.0,14900000,360.0,1.0,Rural,
Male,Yes,2,Not Graduate,No,289600,0.0,8000000,480.0,1.0,Urban,
Female,No,1,Graduate,No,506200,0.0,15200000,300.0,1.0,Rural,
Female,No,2,Graduate,Yes,518400,0.0,18700000,360.0,0.0,Semiurban,
Female,No,0,Graduate,No,254500,0.0,7400000,360.0,1.0,Urban,
Male,Yes,0,Graduate,No,255300,176800.0,10200000,360.0,1.0,Urban,
Male,Yes,1,Graduate,No,343600,380900.0,10000000,360.0,1.0,Rural,
Male,No,0,Graduate,No,241200,275500.0,13000000,360.0,1.0,Rural,
Male,Yes,3+,Not Graduate,No,518000,0.0,12500000,360.0,0.0,Urban,
Male,No,0,Graduate,No,1491100,1450700.0,13000000,360.0,1.0,Semiurban,
,No,0,Graduate,Yes,286000,298800.0,13800000,360.0,1.0,Urban,
Male,Yes,0,Graduate,No,117300,159400.0,2800000,180.0,1.0,Rural,
Female,No,1,Graduate,No,760000,0.0,9200000,360.0,1.0,Semiurban,
Female,Yes,0,Graduate,No,215700,178800.0,10400000,360.0,1.0,Urban,
Male,No,0,Graduate,No,223100,277400.0,17600000,360.0,0.0,Urban,
Female,No,0,Graduate,No,227400,521100.0,11700000,360.0,0.0,Semiurban,
Male,Yes,2,Not Graduate,No,616600,1398300.0,10200000,360.0,1.0,Rural,
Male,Yes,2,Not Graduate,No,251300,111000.0,10700000,360.0,1.0,Semiurban,
Male,No,0,Graduate,No,433300,0.0,6600000,480.0,1.0,Urban,
Male,No,0,Not Graduate,No,384400,0.0,10500000,360.0,1.0,Urban,
Male,Yes,0,Graduate,No,388700,151700.0,10500000,360.0,0.0,Semiurban,
Male,Yes,0,Graduate,No,351000,82800.0,10500000,360.0,1.0,Semiurban,
Male,Yes,0,Graduate,,253900,170400.0,12500000,360.0,0.0,Rural,
Female,No,0,Not Graduate,No,210700,0.0,6400000,360.0,1.0,Semiurban,
,Yes,0,Graduate,No,318600,314500.0,15000000,180.0,0.0,Semiurban,
Male,Yes,2,Graduate,Yes,500000,216600.0,15000000,360.0,1.0,Urban,
Male,Yes,,Graduate,No,1000000,0.0,0,360.0,1.0,Urban,
Male,Yes,0,Not Graduate,Yes,394300,0.0,6400000,360.0,1.0,Semiurban,
Male,No,0,Graduate,No,292500,0.0,4000000,180.0,1.0,Rural,
Male,Yes,3+,Graduate,No,324200,43700.0,14200000,480.0,0.0,Urban,
Male,Yes,,Graduate,No,386300,0.0,7000000,300.0,1.0,Semiurban,
Female,No,1,Graduate,No,402800,0.0,13100000,360.0,1.0,Semiurban,
Male,Yes,2,Graduate,No,401000,102500.0,12000000,360.0,1.0,Urban,
Female,Yes,1,Graduate,No,371900,158500.0,11400000,360.0,1.0,Urban,
Male,No,0,Graduate,,285800,0.0,12300000,360.0,0.0,Rural,
Female,Yes,0,Graduate,No,383300,0.0,9200000,360.0,1.0,Rural,
Male,Yes,0,Graduate,No,333300,428800.0,16000000,360.0,1.0,Urban,
Male,Yes,0,Graduate,No,300700,372500.0,15100000,360.0,1.0,Rural,
Female,No,1,Graduate,,185000,458300.0,8100000,360.0,,Rural,
Male,Yes,3+,Not Graduate,No,279200,261900.0,17100000,360.0,1.0,Semiurban,
Male,Yes,0,Graduate,No,298200,155000.0,11000000,360.0,1.0,Semiurban,
Male,No,0,Graduate,No,341700,73800.0,10000000,360.0,,Rural,
Male,Yes,1,Graduate,No,1884000,0.0,23400000,360.0,1.0,Rural,
Male,Yes,2,Graduate,No,299500,112000.0,18400000,360.0,1.0,Rural,
Male,No,,Graduate,No,357900,330800.0,13800000,360.0,,Semiurban,
Female,Yes,1,Not Graduate,No,383500,140000.0,11200000,480.0,0.0,Urban,
Female,No,1,Not Graduate,No,385400,357500.0,11700000,360.0,1.0,Rural,
Male,Yes,2,Graduate,No,583300,75000.0,4900000,360.0,0.0,Rural,
Male,No,0,Graduate,No,350800,0.0,9900000,360.0,1.0,Rural,
Female,Yes,3+,Not Graduate,No,163500,244400.0,9900000,360.0,1.0,Urban,
Female,No,0,Graduate,Yes,333300,391600.0,21200000,360.0,1.0,Rural,
Male,No,1,Graduate,No,2479700,0.0,24000000,360.0,1.0,Semiurban,
Male,Yes,2,Graduate,No,566700,44000.0,13000000,360.0,0.0,Semiurban,
Female,No,0,Graduate,No,350000,0.0,9400000,360.0,0.0,Semiurban,
Male,Yes,3+,Graduate,No,277300,149700.0,10800000,360.0,1.0,Semiurban,
Male,Yes,0,Graduate,,650000,0.0,14400000,360.0,1.0,Urban,
Female,No,0,Graduate,No,576900,0.0,11000000,180.0,1.0,Semiurban,
Male,Yes,3+,Not Graduate,,363400,91000.0,17600000,360.0,0.0,Semiurban,
,No,0,Graduate,No,2916700,0.0,18500000,360.0,1.0,Semiurban,
Male,No,0,Graduate,No,216600,205700.0,12200000,360.0,1.0,Semiurban,
Male,Yes,0,Graduate,No,500000,0.0,12600000,360.0,1.0,Rural,
Female,No,0,Graduate,No,553000,0.0,13500000,360.0,,Urban,
Male,No,0,Not Graduate,No,900000,0.0,12200000,360.0,1.0,Rural,
Female,Yes,2,Graduate,No,1000000,1166600.0,46000000,360.0,1.0,Urban,
Male,Yes,1,Graduate,,875000,0.0,29700000,360.0,1.0,Urban,
Male,Yes,0,Not Graduate,No,215700,273000.0,14000000,360.0,,Rural,
Male,No,0,Graduate,,197200,434700.0,10600000,360.0,1.0,Rural,
Male,No,0,Graduate,No,498300,0.0,14100000,360.0,1.0,Urban,
Male,Yes,1,Graduate,No,833300,400000.0,0,360.0,1.0,Urban,
Male,Yes,0,Graduate,No,366700,200000.0,17000000,360.0,1.0,Semiurban,
Male,Yes,2,Graduate,No,316600,283300.0,14500000,360.0,1.0,Urban,
Male,No,0,Not Graduate,No,327100,0.0,9000000,360.0,1.0,Rural,
Female,Yes,0,Graduate,No,224100,200000.0,8800000,360.0,0.0,Urban,
Male,Yes,1,Not Graduate,,179200,256500.0,12800000,360.0,1.0,Urban,
Female,Yes,0,Graduate,No,266600,0.0,8400000,480.0,1.0,Semiurban,
,No,0,Graduate,No,647800,0.0,10800000,360.0,1.0,Semiurban,
Male,No,0,Not Graduate,,380800,0.0,8300000,360.0,1.0,Rural,
Female,Yes,2,Not Graduate,No,372900,0.0,11700000,360.0,1.0,Semiurban,
Male,Yes,2,Graduate,No,412000,0.0,12800000,360.0,1.0,Rural,
Male,Yes,1,Graduate,Yes,750000,0.0,7500000,360.0,1.0,Urban,
Male,Yes,1,Graduate,,630000,0.0,12500000,360.0,0.0,Urban,
Female,No,,Graduate,Yes,1498700,0.0,17700000,360.0,1.0,Rural,
,Yes,1,Not Graduate,Yes,57000,212500.0,6800000,360.0,1.0,Rural,
Male,Yes,0,Graduate,No,260000,70000.0,9600000,360.0,1.0,Semiurban,
Male,No,2,Not Graduate,No,273300,108300.0,18000000,360.0,,Semiurban,
Male,Yes,2,Graduate,Yes,750000,0.0,18300000,360.0,1.0,Rural,
Male,Yes,2,Not Graduate,No,385900,0.0,12100000,360.0,1.0,Rural,
Male,Yes,1,Graduate,No,682500,0.0,16200000,360.0,1.0,Rural,
Male,Yes,0,Graduate,No,370800,470000.0,13200000,360.0,1.0,Semiurban,
Male,No,0,Graduate,No,531400,0.0,14700000,360.0,1.0,Urban,
Female,No,3+,Graduate,No,236600,527200.0,15300000,360.0,0.0,Rural,
Male,No,,Graduate,No,206600,210800.0,10400000,84.0,1.0,Urban,
Male,Yes,2,Graduate,No,500000,0.0,14900000,360.0,1.0,Rural,
Female,No,0,Graduate,No,376700,0.0,13400000,300.0,1.0,Urban,
Female,Yes,0,Graduate,No,785900,87900.0,16500000,180.0,1.0,Semiurban,
Female,Yes,0,Graduate,No,428300,0.0,12000000,360.0,1.0,Rural,
Male,Yes,0,Not Graduate,No,170000,290000.0,6700000,360.0,0.0,Urban,
,No,0,Not Graduate,No,476800,0.0,12500000,360.0,1.0,Rural,
Male,No,0,Graduate,No,308300,273800.0,12000000,360.0,1.0,Urban,
Male,Yes,1,Graduate,No,266700,154200.0,14800000,360.0,1.0,Rural,
Female,Yes,0,Not Graduate,No,164700,176200.0,18100000,360.0,1.0,Urban,
Male,Yes,3+,Graduate,No,340000,0.0,8000000,120.0,1.0,Urban,
Male,No,1,Graduate,,1600000,500000.0,4000000,360.0,1.0,Semiurban,
Male,Yes,0,Graduate,No,533300,0.0,9000000,360.0,1.0,Rural,
Male,No,0,Graduate,No,287500,241600.0,9500000,6.0,0.0,Semiurban,
Male,Yes,1,Not Graduate,,260000,61800.0,12200000,360.0,1.0,Semiurban,
Male,Yes,2,Graduate,No,504100,70000.0,15000000,360.0,1.0,Urban,
Male,Yes,3+,Graduate,Yes,695800,141100.0,15000000,360.0,1.0,Rural,
Male,Yes,1,Graduate,No,350000,165800.0,10400000,360.0,,Semiurban,
Male,Yes,0,Graduate,No,550900,0.0,14300000,360.0,1.0,Rural,
Male,Yes,3+,Graduate,No,969900,0.0,30000000,360.0,1.0,Urban,
Female,Yes,1,Not Graduate,No,362100,271700.0,17100000,360.0,1.0,Urban,
Female,Yes,0,Graduate,No,470900,0.0,11300000,360.0,1.0,Semiurban,
Male,Yes,0,Graduate,No,151600,195100.0,3500000,360.0,1.0,Semiurban,
Male,No,2,Graduate,No,240000,0.0,4600000,360.0,1.0,Urban,
Female,No,0,Not Graduate,No,301500,200000.0,14500000,360.0,,Urban,
Male,Yes,0,Graduate,No,229200,155800.0,11900000,360.0,1.0,Urban,
Male,Yes,1,Graduate,Yes,236000,335500.0,8700000,240.0,1.0,Rural,
Female,No,0,Graduate,No,433300,233300.0,16200000,360.0,0.0,Rural,
Male,Yes,0,Graduate,Yes,262300,483100.0,12200000,180.0,1.0,Semiurban,
Male,No,0,Graduate,Yes,397200,427500.0,18700000,360.0,1.0,Rural,
Male,Yes,3+,Not Graduate,No,352200,0.0,8100000,180.0,1.0,Rural,
Male,Yes,1,Graduate,No,470000,0.0,8000000,360.0,1.0,Urban,
Male,No,0,Graduate,No,685800,0.0,17600000,360.0,1.0,Rural,
Male,Yes,3+,Graduate,No,833400,0.0,26000000,360.0,1.0,Urban,
Male,Yes,0,Graduate,No,339100,196600.0,13300000,360.0,0.0,Rural,
Male,No,0,Not Graduate,No,286800,0.0,7000000,360.0,1.0,Urban,
Male,Yes,2,Not Graduate,No,341800,138000.0,13500000,360.0,1.0,Urban,
Male,Yes,0,Graduate,Yes,250000,29600.0,13700000,300.0,1.0,Rural,
Male,Yes,2,Graduate,No,866700,0.0,25400000,360.0,1.0,Rural,
Male,No,0,Graduate,No,228300,1500000.0,10600000,360.0,,Rural,
Male,Yes,0,Graduate,No,581700,91000.0,10900000,360.0,1.0,Urban,
Male,Yes,0,Graduate,No,511900,376900.0,12000000,360.0,1.0,Rural,
Male,Yes,3+,Not Graduate,No,531600,18700.0,15800000,180.0,0.0,Semiurban,
Male,Yes,3+,Graduate,No,760300,121300.0,19700000,360.0,1.0,Urban,
Male,Yes,1,Graduate,No,379100,193600.0,8500000,360.0,1.0,Urban,
Male,No,0,Graduate,No,250000,0.0,6000000,360.0,1.0,Urban,
Male,Yes,2,Not Graduate,No,313200,0.0,7600000,360.0,,Rural,
Male,No,0,Graduate,No,400000,266700.0,15200000,360.0,1.0,Semiurban,
Female,Yes,0,Graduate,No,855000,425500.0,9600000,360.0,,Urban,
Male,Yes,1,Graduate,No,226900,216700.0,9900000,360.0,1.0,Semiurban,
Male,Yes,3+,Not Graduate,Yes,400900,177700.0,11300000,360.0,1.0,Urban,
Male,Yes,0,Graduate,No,415800,70900.0,11500000,360.0,1.0,Urban,
Male,No,0,Graduate,No,325000,199300.0,12600000,360.0,,Semiurban,
Male,Yes,0,Graduate,No,500000,239300.0,15800000,360.0,1.0,Rural,
Male,No,0,Graduate,Yes,920000,0.0,9800000,180.0,1.0,Rural,
Male,No,0,Graduate,No,584900,0.0,15000000,360.0,1.0,Urban,Y
Male,Yes,1,Graduate,No,458300,150800.0,12800000,360.0,1.0,Rural,N
Male,Yes,0,Graduate,Yes,300000,0.0,6600000,360.0,1.0,Urban,Y
Male,Yes,0,Not Graduate,No,258300,235800.0,12000000,360.0,1.0,Urban,Y
Male,No,0,Graduate,No,600000,0.0,14100000,360.0,1.0,Urban,Y
Male,Yes,2,Graduate,Yes,541700,419600.0,26700000,360.0,1.0,Urban,Y
Male,Yes,0,Not Graduate,No,233300,151600.0,9500000,360.0,1.0,Urban,Y
Male,Yes,3+,Graduate,No,303600,250400.0,15800000,360.0,0.0,Semiurban,N
Male,Yes,2,Graduate,No,400600,152600.0,16800000,360.0,1.0,Urban,Y
Male,Yes,1,Graduate,No,1284100,1096800.0,34900000,360.0,1.0,Semiurban,N
Male,Yes,2,Graduate,No,320000,70000.0,7000000,360.0,1.0,Urban,Y
Male,Yes,2,Graduate,,250000,184000.0,10900000,360.0,1.0,Urban,Y
Male,Yes,2,Graduate,No,307300,810600.0,20000000,360.0,1.0,Urban,Y
Male,No,0,Graduate,No,185300,284000.0,11400000,360.0,1.0,Rural,N
Male,Yes,2,Graduate,No,129900,108600.0,1700000,120.0,1.0,Urban,Y
Male,No,0,Graduate,No,495000,0.0,12500000,360.0,1.0,Urban,Y
Male,No,1,Not Graduate,No,359600,0.0,10000000,240.0,,Urban,Y
Female,No,0,Graduate,No,351000,0.0,7600000,360.0,0.0,Urban,N
Male,Yes,0,Not Graduate,No,488700,0.0,13300000,360.0,1.0,Rural,N
Male,Yes,0,Graduate,,260000,350000.0,11500000,,1.0,Urban,Y
Male,Yes,0,Not Graduate,No,766000,0.0,10400000,360.0,0.0,Urban,N
Male,Yes,1,Graduate,No,595500,562500.0,31500000,360.0,1.0,Urban,Y
Male,Yes,0,Not Graduate,No,260000,191100.0,11600000,360.0,0.0,Semiurban,N
,Yes,2,Not Graduate,No,336500,191700.0,11200000,360.0,0.0,Rural,N
Male,Yes,1,Graduate,,371700,292500.0,15100000,360.0,,Semiurban,N
Male,Yes,0,Graduate,Yes,956000,0.0,19100000,360.0,1.0,Semiurban,Y
Male,Yes,0,Graduate,No,279900,225300.0,12200000,360.0,1.0,Semiurban,Y
Male,Yes,2,Not Graduate,No,422600,104000.0,11000000,360.0,1.0,Urban,Y
Male,No,0,Not Graduate,No,144200,0.0,3500000,360.0,1.0,Urban,N
Female,No,2,Graduate,,375000,208300.0,12000000,360.0,1.0,Semiurban,Y
Male,Yes,1,Graduate,,416600,336900.0,20100000,360.0,,Urban,N
Male,No,0,Graduate,No,316700,0.0,7400000,360.0,1.0,Urban,N
Male,No,1,Graduate,Yes,469200,0.0,10600000,360.0,1.0,Rural,N
Male,Yes,0,Graduate,No,350000,166700.0,11400000,360.0,1.0,Semiurban,Y
Male,No,3+,Graduate,No,1250000,300000.0,32000000,360.0,1.0,Rural,N
Male,Yes,0,Graduate,No,227500,206700.0,0,360.0,1.0,Urban,Y
Male,Yes,0,Graduate,No,182800,133000.0,10000000,,0.0,Urban,N
Female,Yes,0,Graduate,No,366700,145900.0,14400000,360.0,1.0,Semiurban,Y
Male,No,0,Graduate,No,416600,721000.0,18400000,360.0,1.0,Urban,Y
Male,No,0,Not Graduate,No,374800,166800.0,11000000,360.0,1.0,Semiurban,Y
Male,No,0,Graduate,No,360000,0.0,8000000,360.0,1.0,Urban,N
Male,No,0,Graduate,No,180000,121300.0,4700000,360.0,1.0,Urban,Y
Male,Yes,0,Graduate,No,240000,0.0,7500000,360.0,,Urban,Y
Male,Yes,0,Graduate,No,394100,233600.0,13400000,360.0,1.0,Semiurban,Y
Male,Yes,0,Not Graduate,Yes,469500,0.0,9600000,,1.0,Urban,Y
Female,No,0,Graduate,No,341000,0.0,8800000,,1.0,Urban,Y
Male,Yes,1,Graduate,No,564900,0.0,4400000,360.0,1.0,Urban,Y
Male,Yes,0,Graduate,No,582100,0.0,14400000,360.0,1.0,Urban,Y
Female,Yes,0,Graduate,No,264500,344000.0,12000000,360.0,0.0,Urban,N
Female,No,0,Graduate,No,400000,227500.0,14400000,360.0,1.0,Semiurban,Y
Female,Yes,0,Not Graduate,No,192800,164400.0,10000000,360.0,1.0,Semiurban,Y
Female,No,0,Graduate,No,308600,0.0,12000000,360.0,1.0,Semiurban,Y
Female,No,0,Graduate,No,423000,0.0,11200000,360.0,1.0,Semiurban,N
Male,Yes,2,Graduate,No,461600,0.0,13400000,360.0,1.0,Urban,N
Female,Yes,1,Graduate,Yes,1150000,0.0,28600000,360.0,0.0,Urban,N
Male,Yes,2,Graduate,No,270800,116700.0,9700000,360.0,1.0,Semiurban,Y
Male,Yes,0,Graduate,No,213200,159100.0,9600000,360.0,1.0,Semiurban,Y
Male,Yes,0,Graduate,No,336600,220000.0,13500000,360.0,1.0,Rural,N
Male,Yes,1,Graduate,No,808000,225000.0,18000000,360.0,1.0,Urban,Y
Male,Yes,2,Not Graduate,No,335700,285900.0,14400000,360.0,1.0,Urban,Y
Male,Yes,0,Graduate,No,250000,379600.0,12000000,360.0,1.0,Urban,Y
Male,Yes,3+,Graduate,No,302900,0.0,9900000,360.0,1.0,Urban,Y
Male,Yes,0,Not Graduate,Yes,260900,344900.0,16500000,180.0,0.0,Rural,N
Male,Yes,1,Graduate,No,494500,0.0,0,360.0,0.0,Rural,N
Female,No,0,Graduate,No,416600,0.0,11600000,360.0,0.0,Semiurban,N
Male,Yes,0,Graduate,No,572600,459500.0,25800000,360.0,1.0,Semiurban,N
Male,No,0,Not Graduate,No,320000,225400.0,12600000,180.0,0.0,Urban,N
Male,Yes,1,Graduate,No,1075000,0.0,31200000,360.0,1.0,Urban,Y
Male,Yes,3+,Not Graduate,Yes,710000,0.0,12500000,60.0,1.0,Urban,Y
Female,No,0,Graduate,No,430000,0.0,13600000,360.0,0.0,Semiurban,N
Male,Yes,0,Graduate,No,320800,306600.0,17200000,360.0,1.0,Urban,Y
Male,Yes,2,Not Graduate,Yes,187500,187500.0,9700000,360.0,1.0,Semiurban,Y
Male,No,0,Graduate,No,350000,0.0,8100000,300.0,1.0,Semiurban,Y
Male,Yes,3+,Not Graduate,No,475500,0.0,9500000,,0.0,Semiurban,N
Male,Yes,3+,Graduate,Yes,526600,177400.0,18700000,360.0,1.0,Semiurban,Y
Male,No,0,Graduate,No,375000,0.0,11300000,480.0,1.0,Urban,N
Male,No,0,Graduate,No,375000,475000.0,17600000,360.0,1.0,Urban,N
Male,Yes,1,Graduate,Yes,100000,302200.0,11000000,360.0,1.0,Urban,N
Male,Yes,3+,Graduate,No,316700,400000.0,18000000,300.0,0.0,Semiurban,N
Male,Yes,3+,Not Graduate,Yes,333300,216600.0,13000000,360.0,,Semiurban,Y
Female,No,0,Graduate,No,384600,0.0,11100000,360.0,1.0,Semiurban,Y
Male,Yes,1,Graduate,Yes,239500,0.0,0,360.0,1.0,Semiurban,Y
Female,Yes,2,Graduate,No,137800,188100.0,16700000,360.0,1.0,Urban,N
Male,Yes,0,Graduate,No,600000,225000.0,26500000,360.0,,Semiurban,N
Male,Yes,1,Graduate,No,398800,0.0,5000000,240.0,1.0,Urban,Y
Male,No,0,Graduate,No,236600,253100.0,13600000,360.0,1.0,Semiurban,Y
Male,Yes,2,Not Graduate,No,333300,200000.0,9900000,360.0,,Semiurban,Y
Male,Yes,0,Graduate,No,250000,211800.0,10400000,360.0,1.0,Semiurban,Y
Male,No,0,Graduate,No,856600,0.0,21000000,360.0,1.0,Urban,Y
Male,Yes,0,Graduate,No,569500,416700.0,17500000,360.0,1.0,Semiurban,Y
Male,Yes,0,Graduate,No,295800,290000.0,13100000,360.0,1.0,Semiurban,Y
Male,Yes,2,Graduate,No,625000,565400.0,18800000,180.0,1.0,Semiurban,Y
Male,Yes,2,Not Graduate,No,327300,182000.0,8100000,360.0,1.0,Urban,Y
Male,No,0,Graduate,No,413300,0.0,12200000,360.0,1.0,Semiurban,Y
Male,No,0,Not Graduate,No,362000,0.0,2500000,120.0,1.0,Semiurban,Y
Male,No,0,Graduate,,678200,0.0,0,360.0,,Urban,N
Female,Yes,0,Graduate,No,248400,230200.0,13700000,360.0,1.0,Semiurban,Y
Male,Yes,0,Graduate,No,197700,99700.0,5000000,360.0,1.0,Semiurban,Y
Male,Yes,0,Not Graduate,No,418800,0.0,11500000,180.0,1.0,Semiurban,Y
Male,Yes,0,Graduate,No,175900,354100.0,13100000,360.0,1.0,Semiurban,Y
Male,Yes,2,Not Graduate,No,428800,326300.0,13300000,180.0,1.0,Urban,Y
Male,No,0,Graduate,No,484300,380600.0,15100000,360.0,1.0,Semiurban,Y
Male,Yes,,Graduate,No,1365000,0.0,0,360.0,1.0,Urban,Y
Male,Yes,0,Graduate,No,465200,358300.0,0,360.0,1.0,Semiurban,Y
Male,,,Graduate,No,381600,75400.0,16000000,360.0,1.0,Urban,Y
Male,Yes,1,Graduate,No,305200,103000.0,10000000,360.0,1.0,Urban,Y
Male,Yes,2,Graduate,No,1141700,112600.0,22500000,360.0,1.0,Urban,Y
Male,No,0,Not Graduate,,733300,0.0,12000000,360.0,1.0,Rural,N
Male,Yes,2,Graduate,No,380000,360000.0,21600000,360.0,0.0,Urban,N
Male,Yes,3+,Not Graduate,No,207100,75400.0,9400000,480.0,1.0,Semiurban,Y
Male,No,0,Graduate,No,531600,0.0,13600000,360.0,1.0,Urban,Y
Female,Yes,0,Graduate,,292900,233300.0,13900000,360.0,1.0,Semiurban,Y
Male,Yes,0,Not Graduate,No,357200,411400.0,15200000,,0.0,Rural,N
Female,No,1,Graduate,Yes,745100,0.0,0,360.0,1.0,Semiurban,Y
Male,No,0,Graduate,,505000,0.0,11800000,360.0,1.0,Semiurban,Y
Male,Yes,1,Graduate,No,1458300,0.0,18500000,180.0,1.0,Rural,Y
Female,Yes,0,Graduate,No,316700,228300.0,15400000,360.0,1.0,Semiurban,Y
Male,Yes,1,Graduate,No,221400,139800.0,8500000,360.0,,Urban,Y
Male,Yes,0,Graduate,No,556800,214200.0,17500000,360.0,1.0,Rural,N
Female,No,0,Graduate,No,1040800,0.0,25900000,360.0,1.0,Urban,Y
Male,Yes,,Graduate,No,566700,266700.0,18000000,360.0,1.0,Rural,Y
Female,No,0,Graduate,No,416600,0.0,4400000,360.0,1.0,Semiurban,Y
Female,No,0,Graduate,No,213700,898000.0,13700000,360.0,0.0,Semiurban,Y
Male,Yes,2,Graduate,No,295700,0.0,8100000,360.0,1.0,Semiurban,Y
Male,Yes,0,Not Graduate,No,430000,201400.0,19400000,360.0,1.0,Rural,Y
Female,No,0,Graduate,No,369200,0.0,9300000,360.0,,Rural,Y
,Yes,3+,Graduate,No,2380300,0.0,37000000,360.0,1.0,Rural,Y
Male,No,0,Graduate,No,386500,164000.0,0,360.0,1.0,Rural,Y
Male,Yes,1,Graduate,Yes,1051300,385000.0,16000000,180.0,0.0,Urban,N
Male,Yes,0,Graduate,No,608000,256900.0,18200000,360.0,,Rural,N
Male,No,0,Graduate,Yes,2016600,0.0,65000000,480.0,,Urban,Y
Male,No,0,Graduate,No,201400,192900.0,7400000,360.0,1.0,Urban,Y
Male,No,0,Graduate,No,271800,0.0,7000000,360.0,1.0,Semiurban,Y
Male,Yes,0,Graduate,Yes,345900,0.0,2500000,120.0,1.0,Semiurban,Y
Male,No,0,Graduate,No,489500,0.0,10200000,360.0,1.0,Semiurban,Y
Male,Yes,3+,Graduate,No,400000,775000.0,29000000,360.0,1.0,Semiurban,N
Female,Yes,0,Graduate,No,458300,0.0,8400000,360.0,1.0,Rural,N
Male,Yes,2,Graduate,Yes,331600,350000.0,8800000,360.0,1.0,Urban,Y
Male,No,0,Graduate,No,1499900,0.0,24200000,360.0,0.0,Semiurban,N
Male,Yes,2,Not Graduate,No,420000,143000.0,12900000,360.0,1.0,Rural,N
Male,Yes,2,Graduate,No,504200,208300.0,18500000,360.0,1.0,Rural,N
Male,No,0,Graduate,No,541700,0.0,16800000,360.0,1.0,Urban,Y
Male,No,0,Graduate,Yes,695000,0.0,17500000,180.0,1.0,Semiurban,Y
Male,Yes,0,Graduate,No,269800,203400.0,12200000,360.0,1.0,Semiurban,Y
Male,Yes,2,Graduate,No,1175700,0.0,18700000,180.0,1.0,Urban,Y
Female,Yes,0,Graduate,No,233000,448600.0,10000000,360.0,1.0,Semiurban,Y
Female,Yes,2,Graduate,No,1486600,0.0,7000000,360.0,1.0,Urban,Y
Male,Yes,1,Graduate,No,153800,142500.0,3000000,360.0,1.0,Urban,Y
Female,No,0,Graduate,No,1000000,166600.0,22500000,360.0,1.0,Rural,N
Male,Yes,0,Graduate,No,486000,83000.0,12500000,360.0,1.0,Semiurban,Y
Male,No,0,Graduate,No,627700,0.0,11800000,360.0,0.0,Rural,N
Male,Yes,0,Graduate,Yes,257700,375000.0,15200000,360.0,1.0,Rural,Y
Male,No,0,Graduate,No,916600,0.0,24400000,360.0,1.0,Urban,N
Male,Yes,2,Not Graduate,No,228100,0.0,11300000,360.0,1.0,Rural,N
Male,No,0,Graduate,No,325400,0.0,5000000,360.0,1.0,Urban,Y
Male,Yes,3+,Graduate,No,3999900,0.0,60000000,180.0,0.0,Semiurban,Y
Male,Yes,1,Graduate,No,600000,0.0,16000000,360.0,,Rural,Y
Male,Yes,1,Graduate,No,953800,0.0,18700000,360.0,1.0,Urban,Y
Male,No,0,Graduate,,298000,208300.0,12000000,360.0,1.0,Rural,Y
Male,Yes,0,Graduate,No,458300,562500.0,25500000,360.0,1.0,Semiurban,Y
Male,Yes,0,Not Graduate,No,186300,104100.0,9800000,360.0,1.0,Semiurban,Y
Male,Yes,0,Graduate,No,793300,0.0,27500000,360.0,1.0,Urban,N
Male,Yes,1,Graduate,No,308900,128000.0,12100000,360.0,0.0,Semiurban,N
Male,Yes,2,Graduate,No,416700,144700.0,15800000,360.0,1.0,Rural,Y
Male,Yes,0,Graduate,No,932300,0.0,7500000,180.0,1.0,Urban,Y
Male,Yes,0,Graduate,No,370700,316600.0,18200000,,1.0,Rural,Y
Female,Yes,0,Graduate,No,458300,0.0,11200000,360.0,1.0,Rural,N
Male,Yes,0,Graduate,No,243900,333300.0,12900000,360.0,1.0,Rural,Y
Male,No,0,Graduate,No,223700,0.0,6300000,480.0,0.0,Semiurban,N
Male,Yes,2,Graduate,No,800000,0.0,20000000,360.0,1.0,Semiurban,Y
Male,Yes,0,Not Graduate,,182000,176900.0,9500000,360.0,1.0,Rural,Y
,Yes,3+,Graduate,No,5176300,0.0,70000000,300.0,1.0,Urban,Y
Male,Yes,3+,Not Graduate,No,352200,0.0,8100000,180.0,1.0,Rural,N
Male,Yes,0,Graduate,No,570800,562500.0,18700000,360.0,1.0,Semiurban,Y
Male,Yes,0,Not Graduate,Yes,434400,73600.0,8700000,360.0,1.0,Semiurban,N
Male,Yes,0,Graduate,No,349700,196400.0,11600000,360.0,1.0,Rural,Y
Male,Yes,2,Graduate,No,204500,161900.0,10100000,360.0,1.0,Rural,Y
Male,Yes,3+,Graduate,No,551600,1130000.0,49500000,360.0,0.0,Semiurban,N
Male,Yes,1,Graduate,No,375000,0.0,11600000,360.0,1.0,Semiurban,Y
Male,No,0,Not Graduate,No,233300,145100.0,10200000,480.0,0.0,Urban,N
Male,Yes,1,Graduate,No,640000,725000.0,18000000,360.0,0.0,Urban,N
Male,No,0,Graduate,No,191600,506300.0,6700000,360.0,,Rural,N
Male,Yes,0,Graduate,No,460000,0.0,7300000,180.0,1.0,Semiurban,Y
Male,Yes,1,Graduate,No,3384600,0.0,26000000,360.0,1.0,Semiurban,N
Female,Yes,0,Graduate,No,362500,0.0,10800000,360.0,1.0,Semiurban,Y
Male,Yes,0,Graduate,Yes,3914700,475000.0,12000000,360.0,1.0,Semiurban,Y
Male,Yes,1,Graduate,Yes,217800,0.0,6600000,300.0,0.0,Rural,N
Male,Yes,0,Graduate,No,238300,213800.0,5800000,360.0,,Rural,Y
,Yes,0,Graduate,Yes,67400,529600.0,16800000,360.0,1.0,Rural,Y
Male,Yes,0,Graduate,No,932800,0.0,18800000,180.0,1.0,Rural,Y
Male,No,0,Not Graduate,No,488500,0.0,4800000,360.0,1.0,Rural,Y
Male,No,0,Graduate,No,1200000,0.0,16400000,360.0,1.0,Semiurban,N
Male,Yes,0,Not Graduate,No,603300,0.0,16000000,360.0,1.0,Urban,N
Male,No,0,Graduate,No,385800,0.0,7600000,360.0,1.0,Semiurban,Y
Male,No,0,Graduate,No,419100,0.0,12000000,360.0,1.0,Rural,Y
Male,Yes,1,Graduate,No,312500,258300.0,17000000,360.0,1.0,Semiurban,N
Male,No,0,Graduate,No,833300,375000.0,18700000,360.0,1.0,Rural,Y
Female,No,0,Not Graduate,No,190700,236500.0,12000000,,1.0,Urban,Y
Female,Yes,0,Graduate,No,341600,281600.0,11300000,360.0,,Semiurban,Y
Male,No,0,Graduate,Yes,1100000,0.0,8300000,360.0,1.0,Urban,N
Male,Yes,1,Not Graduate,No,260000,250000.0,9000000,360.0,1.0,Semiurban,Y
Male,No,2,Graduate,No,492300,0.0,16600000,360.0,0.0,Semiurban,Y
Male,Yes,3+,Not Graduate,No,399200,0.0,0,180.0,1.0,Urban,N
Male,Yes,1,Not Graduate,No,350000,108300.0,13500000,360.0,1.0,Urban,Y
Male,Yes,2,Not Graduate,No,391700,0.0,12400000,360.0,1.0,Semiurban,Y
Female,No,0,Not Graduate,No,440800,0.0,12000000,360.0,1.0,Semiurban,Y
Female,No,0,Graduate,No,324400,0.0,8000000,360.0,1.0,Urban,Y
Male,No,0,Not Graduate,No,397500,253100.0,5500000,360.0,1.0,Rural,Y
Male,No,0,Graduate,No,247900,0.0,5900000,360.0,1.0,Urban,Y
Male,No,0,Graduate,No,341800,0.0,12700000,360.0,1.0,Semiurban,N
Female,No,0,Graduate,No,1000000,0.0,21400000,360.0,1.0,Semiurban,N
Male,Yes,3+,Graduate,No,343000,125000.0,12800000,360.0,0.0,Semiurban,N
Male,Yes,1,Graduate,Yes,778700,0.0,24000000,360.0,1.0,Urban,Y
Male,Yes,3+,Not Graduate,Yes,570300,0.0,13000000,360.0,1.0,Rural,Y
Male,Yes,0,Graduate,No,317300,302100.0,13700000,360.0,1.0,Urban,Y
Male,Yes,3+,Not Graduate,No,385000,98300.0,10000000,360.0,1.0,Semiurban,Y
Male,Yes,0,Graduate,No,15000,180000.0,13500000,360.0,1.0,Rural,N
Male,Yes,0,Graduate,No,372700,177500.0,13100000,360.0,1.0,Semiurban,Y
Male,Yes,2,Graduate,,500000,0.0,7200000,360.0,0.0,Semiurban,N
Female,Yes,2,Graduate,No,428300,238300.0,12700000,360.0,,Semiurban,Y
Male,Yes,0,Graduate,No,222100,0.0,6000000,360.0,0.0,Urban,N
Male,Yes,2,Graduate,No,400900,171700.0,11600000,360.0,1.0,Semiurban,Y
Male,No,0,Graduate,No,297100,279100.0,14400000,360.0,1.0,Semiurban,Y
Male,Yes,0,Graduate,No,757800,101000.0,17500000,,1.0,Semiurban,Y
Male,Yes,0,Graduate,No,625000,0.0,12800000,360.0,1.0,Semiurban,Y
Male,Yes,0,Graduate,No,325000,0.0,17000000,360.0,1.0,Rural,N
Male,Yes,,Not Graduate,Yes,473500,0.0,13800000,360.0,1.0,Urban,N
Male,Yes,2,Graduate,No,625000,169500.0,21000000,360.0,1.0,Semiurban,Y
Male,,,Graduate,No,475800,0.0,15800000,480.0,1.0,Semiurban,Y
Male,No,0,Graduate,Yes,640000,0.0,20000000,360.0,1.0,Rural,Y
Male,Yes,1,Graduate,No,249100,205400.0,10400000,360.0,1.0,Semiurban,Y
Male,Yes,0,Graduate,,371600,0.0,4200000,180.0,1.0,Rural,Y
Male,No,0,Not Graduate,No,318900,259800.0,12000000,,1.0,Rural,Y
Female,No,0,Graduate,No,833300,0.0,28000000,360.0,1.0,Semiurban,Y
Male,Yes,1,Graduate,No,315500,177900.0,14000000,360.0,1.0,Semiurban,Y
Male,Yes,1,Graduate,No,550000,126000.0,17000000,360.0,1.0,Rural,Y
Male,Yes,0,Graduate,,574600,0.0,25500000,360.0,,Urban,N
Female,No,0,Graduate,Yes,346300,0.0,12200000,360.0,,Urban,Y
Female,No,1,Graduate,No,381200,0.0,11200000,360.0,1.0,Rural,Y
Male,Yes,1,Graduate,No,331500,0.0,9600000,360.0,1.0,Semiurban,Y
Male,Yes,2,Graduate,No,581900,500000.0,12000000,360.0,1.0,Rural,Y
Male,Yes,1,Not Graduate,No,251000,198300.0,14000000,180.0,1.0,Urban,N
Male,No,0,Graduate,No,296500,570100.0,15500000,60.0,1.0,Urban,Y
Male,Yes,2,Graduate,Yes,625000,130000.0,10800000,360.0,1.0,Rural,Y
Male,Yes,0,Not Graduate,No,340600,441700.0,12300000,360.0,1.0,Semiurban,Y
Male,No,0,Graduate,Yes,605000,433300.0,12000000,180.0,1.0,Urban,N
Male,Yes,2,Graduate,No,970300,0.0,11200000,360.0,1.0,Urban,Y
Male,Yes,1,Not Graduate,No,660800,0.0,13700000,180.0,1.0,Urban,Y
Male,Yes,1,Graduate,No,288200,184300.0,12300000,480.0,1.0,Semiurban,Y
Male,Yes,0,Graduate,No,180900,186800.0,9000000,360.0,1.0,Urban,Y
Male,Yes,0,Not Graduate,No,166800,389000.0,20100000,360.0,0.0,Semiurban,N
Female,No,2,Graduate,No,342700,0.0,13800000,360.0,1.0,Urban,N
Male,No,0,Not Graduate,Yes,258300,216700.0,10400000,360.0,1.0,Rural,Y
Male,Yes,1,Not Graduate,No,266100,710100.0,27900000,180.0,1.0,Semiurban,Y
Male,No,0,Graduate,Yes,1625000,0.0,19200000,360.0,0.0,Urban,N
Female,No,3+,Graduate,No,308300,0.0,25500000,360.0,1.0,Rural,Y
Male,No,0,Not Graduate,No,604500,0.0,11500000,360.0,0.0,Rural,N
Male,Yes,3+,Graduate,No,525000,0.0,9400000,360.0,1.0,Urban,N
Male,Yes,0,Graduate,No,1468300,210000.0,30400000,360.0,1.0,Rural,N
Male,Yes,3+,Not Graduate,No,493100,0.0,12800000,360.0,,Semiurban,N
Male,Yes,1,Graduate,No,608300,425000.0,33000000,360.0,,Urban,Y
Male,No,0,Graduate,No,206000,220900.0,13400000,360.0,1.0,Semiurban,Y
Female,No,1,Graduate,No,348100,0.0,15500000,36.0,1.0,Semiurban,N
Female,No,0,Graduate,No,720000,0.0,12000000,360.0,1.0,Rural,Y
Male,No,0,Graduate,Yes,516600,0.0,12800000,360.0,1.0,Semiurban,Y
Male,No,0,Graduate,No,409500,344700.0,15100000,360.0,1.0,Rural,Y
Male,Yes,2,Graduate,No,470800,138700.0,15000000,360.0,1.0,Semiurban,Y
Male,Yes,3+,Graduate,No,433300,181100.0,16000000,360.0,0.0,Urban,Y
Female,No,0,Graduate,,341800,0.0,13500000,360.0,1.0,Rural,N
Female,No,1,Graduate,No,287600,156000.0,9000000,360.0,1.0,Urban,Y
Female,No,0,Graduate,No,323700,0.0,3000000,360.0,1.0,Urban,Y
Male,Yes,0,Graduate,No,1114600,0.0,13600000,360.0,1.0,Urban,Y
Male,No,0,Graduate,No,283300,185700.0,12600000,360.0,1.0,Rural,Y
Male,Yes,0,Graduate,No,262000,222300.0,15000000,360.0,1.0,Semiurban,Y
Male,Yes,2,Graduate,No,390000,0.0,9000000,360.0,1.0,Semiurban,Y
Male,Yes,1,Graduate,No,275000,184200.0,11500000,360.0,1.0,Semiurban,Y
Male,Yes,0,Graduate,No,399300,327400.0,20700000,360.0,1.0,Semiurban,Y
Male,Yes,0,Graduate,No,310300,130000.0,8000000,360.0,1.0,Urban,Y
Male,Yes,0,Graduate,No,1458300,0.0,43600000,360.0,1.0,Semiurban,Y
Female,Yes,0,Not Graduate,No,410000,0.0,12400000,360.0,,Rural,Y
Male,No,1,Not Graduate,Yes,405300,242600.0,15800000,360.0,0.0,Urban,N
Male,Yes,0,Graduate,No,392700,80000.0,11200000,360.0,1.0,Semiurban,Y
Male,Yes,2,Graduate,No,230100,98579.99878,7800000,180.0,1.0,Urban,Y
Female,No,0,Graduate,No,181100,166600.0,5400000,360.0,1.0,Urban,Y
Male,Yes,0,Graduate,No,2066700,0.0,0,360.0,1.0,Rural,N
Male,No,0,Graduate,No,315800,305300.0,8900000,360.0,1.0,Rural,Y
Female,No,0,Graduate,Yes,260000,171700.0,9900000,300.0,1.0,Semiurban,N
Male,Yes,0,Graduate,No,370400,200000.0,12000000,360.0,1.0,Rural,Y
Female,No,0,Graduate,No,412400,0.0,11500000,360.0,1.0,Semiurban,Y
Male,No,0,Graduate,No,950800,0.0,18700000,360.0,1.0,Rural,Y
Male,Yes,0,Graduate,No,307500,241600.0,13900000,360.0,1.0,Rural,Y
Male,Yes,2,Graduate,No,440000,0.0,12700000,360.0,0.0,Semiurban,N
Male,Yes,2,Graduate,No,315300,156000.0,13400000,360.0,1.0,Urban,Y
Female,No,,Graduate,No,541700,0.0,14300000,480.0,0.0,Urban,N
Male,Yes,0,Graduate,No,238300,333400.0,17200000,360.0,1.0,Semiurban,Y
Male,Yes,3+,Graduate,,441600,125000.0,11000000,360.0,1.0,Urban,Y
Male,Yes,1,Graduate,No,687500,0.0,20000000,360.0,1.0,Semiurban,Y
Female,Yes,1,Graduate,No,466600,0.0,13500000,360.0,1.0,Urban,Y
Female,No,0,Graduate,No,500000,254100.0,15100000,480.0,1.0,Rural,N
Male,Yes,1,Graduate,No,201400,292500.0,11300000,360.0,1.0,Urban,N
Male,Yes,0,Not Graduate,No,180000,293400.0,9300000,360.0,0.0,Urban,N
Male,Yes,,Not Graduate,No,287500,175000.0,10500000,360.0,1.0,Semiurban,Y
Female,No,0,Graduate,No,500000,0.0,13200000,360.0,1.0,Rural,Y
Male,Yes,1,Graduate,No,162500,180300.0,9600000,360.0,1.0,Urban,Y
Male,No,0,Graduate,No,400000,250000.0,14000000,360.0,1.0,Rural,Y
Male,No,0,Not Graduate,No,200000,0.0,0,360.0,1.0,Urban,N
Female,No,0,Graduate,No,376200,166600.0,13500000,360.0,1.0,Rural,Y
Female,No,0,Graduate,No,240000,186300.0,10400000,360.0,0.0,Urban,N
Male,No,0,Graduate,No,2023300,0.0,48000000,360.0,1.0,Rural,N
Male,Yes,2,Not Graduate,No,766700,0.0,18500000,360.0,,Rural,Y
Female,No,0,Graduate,No,291700,0.0,8400000,360.0,1.0,Semiurban,Y
Male,No,0,Not Graduate,No,292700,240500.0,11100000,360.0,1.0,Semiurban,Y
Female,No,0,Graduate,No,250700,0.0,5600000,360.0,1.0,Rural,Y
Male,Yes,2,Graduate,Yes,574600,0.0,14400000,84.0,,Rural,Y
,Yes,0,Graduate,No,247300,184300.0,15900000,360.0,1.0,Rural,N
Male,Yes,1,Not Graduate,No,339900,164000.0,11100000,180.0,1.0,Urban,Y
Male,Yes,2,Graduate,No,371700,0.0,12000000,360.0,1.0,Semiurban,Y
Male,Yes,0,Graduate,No,205800,213400.0,8800000,360.0,,Urban,Y
Female,No,1,Graduate,No,354100,0.0,11200000,360.0,,Semiurban,Y
Male,Yes,1,Graduate,Yes,1000000,0.0,15500000,360.0,1.0,Rural,N
Male,Yes,0,Graduate,No,240000,216700.0,11500000,360.0,1.0,Semiurban,Y
Male,Yes,3+,Graduate,No,434200,18900.0,12400000,360.0,1.0,Semiurban,Y
Male,Yes,2,Not Graduate,No,360100,159000.0,0,360.0,1.0,Rural,Y
Female,No,0,Graduate,No,316600,298500.0,13200000,360.0,,Rural,Y
Male,Yes,3+,Graduate,No,1500000,0.0,30000000,360.0,1.0,Rural,Y
Male,Yes,1,Graduate,Yes,866600,498300.0,37600000,360.0,0.0,Rural,N
Male,No,0,Graduate,No,491700,0.0,13000000,360.0,0.0,Rural,Y
Male,Yes,0,Graduate,Yes,581800,216000.0,18400000,360.0,1.0,Semiurban,Y
Female,Yes,0,Graduate,No,433300,245100.0,11000000,360.0,1.0,Urban,N
Female,No,0,Graduate,No,250000,0.0,6700000,360.0,1.0,Urban,Y
Male,No,1,Graduate,No,438400,179300.0,11700000,360.0,1.0,Urban,Y
Male,No,0,Graduate,No,293500,0.0,9800000,360.0,1.0,Semiurban,Y
Male,No,,Graduate,No,283300,0.0,7100000,360.0,1.0,Urban,Y
Male,Yes,0,Graduate,,6333700,0.0,49000000,180.0,1.0,Urban,Y
,Yes,1,Graduate,Yes,983300,183300.0,18200000,180.0,1.0,Urban,Y
Male,Yes,,Graduate,Yes,550300,449000.0,7000000,,1.0,Semiurban,Y
Male,Yes,1,Graduate,,525000,68800.0,16000000,360.0,1.0,Rural,Y
Male,Yes,2,Graduate,Yes,250000,460000.0,17600000,360.0,1.0,Rural,Y
Female,No,3+,Not Graduate,No,183000,0.0,0,360.0,0.0,Urban,N
Female,No,0,Graduate,No,416000,0.0,7100000,360.0,1.0,Semiurban,Y
Male,Yes,3+,Not Graduate,No,264700,158700.0,17300000,360.0,1.0,Rural,N
Female,No,0,Graduate,No,237800,0.0,4600000,360.0,1.0,Rural,N
Male,Yes,1,Not Graduate,No,455400,122900.0,15800000,360.0,1.0,Urban,Y
Male,Yes,3+,Not Graduate,No,317300,0.0,7400000,360.0,1.0,Semiurban,Y
Male,Yes,2,Graduate,,258300,233000.0,12500000,360.0,1.0,Rural,Y
Male,Yes,0,Graduate,No,249900,245800.0,16000000,360.0,1.0,Semiurban,Y
Male,Yes,,Not Graduate,No,352300,323000.0,15200000,360.0,0.0,Rural,N
Male,Yes,2,Not Graduate,No,308300,216800.0,12600000,360.0,1.0,Urban,Y
Male,Yes,0,Graduate,No,633300,458300.0,25900000,360.0,,Semiurban,Y
Male,Yes,0,Graduate,No,262500,625000.0,18700000,360.0,1.0,Rural,Y
Male,Yes,0,Graduate,No,908300,0.0,22800000,360.0,1.0,Semiurban,Y
Male,No,0,Graduate,No,875000,416700.0,30800000,360.0,1.0,Rural,N
Male,Yes,3+,Graduate,No,266600,208300.0,9500000,360.0,1.0,Rural,Y
Female,Yes,0,Graduate,Yes,550000,0.0,10500000,360.0,0.0,Rural,N
Female,Yes,0,Graduate,No,242300,50500.0,13000000,360.0,1.0,Semiurban,Y
Female,No,,Graduate,No,381300,0.0,11600000,180.0,1.0,Urban,Y
Male,Yes,2,Graduate,No,833300,316700.0,16500000,360.0,1.0,Rural,Y
Male,Yes,1,Graduate,No,387500,0.0,6700000,360.0,1.0,Urban,N
Male,Yes,0,Not Graduate,No,300000,166600.0,10000000,480.0,0.0,Urban,N
Male,Yes,3+,Graduate,No,516700,316700.0,20000000,360.0,1.0,Semiurban,Y
Female,No,1,Graduate,No,472300,0.0,8100000,360.0,1.0,Semiurban,N
Male,Yes,2,Graduate,No,500000,366700.0,23600000,360.0,1.0,Semiurban,Y
Male,Yes,0,Graduate,No,475000,233300.0,13000000,360.0,1.0,Urban,Y
Male,Yes,0,Graduate,No,301300,303300.0,9500000,300.0,,Urban,Y
Male,No,0,Graduate,Yes,682200,0.0,14100000,360.0,1.0,Rural,Y
Male,No,0,Not Graduate,No,621600,0.0,13300000,360.0,1.0,Rural,N
Male,No,0,Graduate,No,250000,0.0,9600000,480.0,1.0,Semiurban,N
Male,No,0,Graduate,No,512400,0.0,12400000,,0.0,Rural,N
Male,Yes,1,Graduate,No,632500,0.0,17500000,360.0,1.0,Semiurban,Y
Male,Yes,0,Graduate,No,1973000,526600.0,57000000,360.0,1.0,Rural,N
Female,No,0,Graduate,Yes,1575900,0.0,5500000,360.0,1.0,Semiurban,Y
Male,Yes,2,Graduate,No,518500,0.0,15500000,360.0,1.0,Semiurban,Y
Male,Yes,2,Graduate,Yes,932300,787300.0,38000000,300.0,1.0,Rural,Y
Male,No,1,Graduate,No,306200,198700.0,11100000,180.0,0.0,Urban,N
Female,No,0,Graduate,,276400,145900.0,11000000,360.0,1.0,Urban,Y
Male,Yes,0,Graduate,No,481700,92300.0,12000000,180.0,1.0,Urban,Y
Male,Yes,3+,Graduate,No,875000,499600.0,13000000,360.0,1.0,Rural,Y
Male,Yes,0,Graduate,No,431000,0.0,13000000,360.0,,Semiurban,Y
Male,No,0,Graduate,No,306900,0.0,7100000,480.0,1.0,Urban,N
Male,Yes,2,Graduate,No,539100,0.0,13000000,360.0,1.0,Urban,Y
Male,Yes,0,Graduate,,333300,250000.0,12800000,360.0,1.0,Semiurban,Y
Male,No,0,Graduate,No,594100,423200.0,29600000,360.0,1.0,Semiurban,Y
Female,No,0,Graduate,No,600000,0.0,15600000,360.0,1.0,Urban,Y
Male,No,0,Graduate,Yes,716700,0.0,12800000,360.0,1.0,Urban,Y
Male,Yes,2,Graduate,No,456600,0.0,10000000,360.0,1.0,Urban,N
Male,No,1,Graduate,,366700,0.0,11300000,180.0,1.0,Urban,Y
Male,No,0,Not Graduate,No,234600,160000.0,13200000,360.0,1.0,Semiurban,Y
Male,Yes,0,Not Graduate,No,301000,313600.0,0,360.0,0.0,Urban,N
Male,Yes,0,Graduate,No,233300,241700.0,13600000,360.0,1.0,Urban,Y
Male,Yes,0,Graduate,No,548800,0.0,12500000,360.0,1.0,Rural,Y
Male,No,3+,Graduate,No,916700,0.0,18500000,360.0,1.0,Rural,Y
Male,Yes,3+,Graduate,No,950400,0.0,27500000,360.0,1.0,Rural,Y
Male,Yes,0,Graduate,No,258300,211500.0,12000000,360.0,,Urban,Y
Male,Yes,2,Not Graduate,No,199300,162500.0,11300000,180.0,1.0,Semiurban,Y
Male,Yes,2,Graduate,No,310000,140000.0,11300000,360.0,1.0,Urban,Y
Male,Yes,2,Graduate,No,327600,48400.0,13500000,360.0,,Semiurban,Y
Female,No,0,Graduate,No,318000,0.0,7100000,360.0,0.0,Urban,N
Male,Yes,0,Graduate,No,303300,145900.0,9500000,360.0,1.0,Urban,Y
Male,No,0,Not Graduate,No,390200,166600.0,10900000,360.0,1.0,Rural,Y
Female,No,0,Graduate,No,150000,180000.0,10300000,360.0,0.0,Semiurban,N
Male,Yes,2,Not Graduate,No,288900,0.0,4500000,180.0,0.0,Urban,N
Male,No,0,Not Graduate,No,275500,0.0,6500000,300.0,1.0,Rural,N
Male,No,0,Graduate,No,250000,2000000.0,10300000,360.0,1.0,Semiurban,Y
Female,No,0,Not Graduate,No,196300,0.0,5300000,360.0,1.0,Semiurban,Y
Female,No,0,Graduate,Yes,744100,0.0,19400000,360.0,1.0,Rural,N
Female,No,0,Graduate,No,454700,0.0,11500000,360.0,1.0,Semiurban,Y
Male,Yes,0,Not Graduate,No,216700,240000.0,11500000,360.0,1.0,Urban,Y
Female,No,0,Not Graduate,No,221300,0.0,6600000,360.0,1.0,Rural,Y
Male,Yes,1,Graduate,No,830000,0.0,15200000,300.0,0.0,Semiurban,N
Male,Yes,3+,Graduate,No,8100000,0.0,36000000,360.0,0.0,Rural,N
Female,No,1,Not Graduate,Yes,386700,0.0,6200000,360.0,1.0,Semiurban,N
Male,Yes,0,Graduate,,625600,0.0,16000000,360.0,,Urban,Y
Male,Yes,0,Not Graduate,No,609600,0.0,21800000,360.0,0.0,Rural,N
Male,Yes,0,Not Graduate,No,225300,203300.0,11000000,360.0,1.0,Rural,Y
Female,Yes,0,Not Graduate,No,214900,323700.0,17800000,360.0,0.0,Semiurban,N
Female,No,0,Graduate,No,299500,0.0,6000000,360.0,1.0,Urban,Y
Female,No,1,Graduate,No,260000,0.0,16000000,360.0,1.0,Urban,N
Male,Yes,2,Graduate,Yes,160000,2000000.0,23900000,360.0,1.0,Urban,N
Male,Yes,0,Graduate,No,102500,277300.0,11200000,360.0,1.0,Rural,Y
Male,Yes,0,Graduate,No,324600,141700.0,13800000,360.0,1.0,Semiurban,Y
Male,Yes,0,Graduate,No,582900,0.0,13800000,360.0,1.0,Rural,Y
Female,No,0,Not Graduate,No,272000,0.0,8000000,,0.0,Urban,N
Male,Yes,0,Graduate,No,182000,171900.0,10000000,360.0,1.0,Urban,Y
Male,Yes,1,Graduate,No,725000,166700.0,11000000,,0.0,Urban,N
Male,Yes,0,Graduate,No,1488000,0.0,9600000,360.0,1.0,Semiurban,Y
Male,Yes,0,Graduate,No,266600,430000.0,12100000,360.0,1.0,Rural,Y
Female,No,1,Not Graduate,No,460600,0.0,8100000,360.0,1.0,Rural,N
Male,Yes,2,Graduate,No,593500,0.0,13300000,360.0,1.0,Semiurban,Y
Male,Yes,0,Graduate,No,292000,1612.000084,8700000,360.0,1.0,Rural,Y
Male,No,0,Not Graduate,No,271700,0.0,6000000,180.0,1.0,Urban,Y
Female,No,1,Graduate,Yes,862400,0.0,15000000,360.0,1.0,Semiurban,Y
Male,No,0,Graduate,No,650000,0.0,10500000,360.0,0.0,Rural,N
Male,No,0,Graduate,,1287600,0.0,40500000,360.0,1.0,Semiurban,Y
Male,Yes,0,Graduate,No,242500,234000.0,14300000,360.0,1.0,Semiurban,Y
Male,No,0,Graduate,No,375000,0.0,10000000,360.0,1.0,Urban,Y
Female,,,Graduate,No,1004700,0.0,0,240.0,1.0,Semiurban,Y
Male,No,0,Graduate,No,192600,185100.0,5000000,360.0,1.0,Semiurban,Y
Male,Yes,0,Graduate,No,221300,112500.0,0,360.0,1.0,Urban,Y
Male,No,0,Graduate,Yes,1041600,0.0,18700000,360.0,0.0,Urban,N
Female,Yes,0,Not Graduate,Yes,714200,0.0,13800000,360.0,1.0,Rural,Y
Male,No,0,Graduate,No,366000,506400.0,18700000,360.0,1.0,Semiurban,Y
Male,Yes,0,Graduate,No,790100,183300.0,18000000,360.0,1.0,Rural,Y
Male,No,3+,Not Graduate,No,470700,199300.0,14800000,360.0,1.0,Semiurban,Y
Male,No,1,Graduate,No,3771900,0.0,15200000,360.0,1.0,Semiurban,Y
Male,Yes,0,Graduate,No,733300,833300.0,17500000,300.0,,Rural,Y
Male,Yes,1,Graduate,Yes,346600,121000.0,13000000,360.0,1.0,Rural,Y
Male,Yes,2,Not Graduate,No,465200,0.0,11000000,360.0,1.0,Rural,Y
Male,Yes,0,Graduate,,353900,137600.0,5500000,360.0,1.0,Rural,N
Male,Yes,2,Graduate,No,334000,171000.0,15000000,360.0,0.0,Rural,N
Male,No,1,Not Graduate,Yes,276900,154200.0,19000000,360.0,,Semiurban,N
Male,Yes,2,Not Graduate,No,230900,125500.0,12500000,360.0,0.0,Rural,N
Male,Yes,2,Not Graduate,No,195800,145600.0,6000000,300.0,,Urban,Y
Male,Yes,0,Graduate,No,394800,173300.0,14900000,360.0,0.0,Rural,N
Male,Yes,0,Graduate,No,248300,246600.0,9000000,180.0,0.0,Rural,Y
Male,No,0,Graduate,Yes,708500,0.0,8400000,360.0,1.0,Semiurban,Y
Male,Yes,2,Graduate,No,385900,0.0,9600000,360.0,1.0,Semiurban,Y
Male,Yes,0,Graduate,No,430100,0.0,11800000,360.0,1.0,Urban,Y
Male,Yes,0,Graduate,No,370800,256900.0,17300000,360.0,1.0,Urban,N
Male,No,2,Graduate,No,435400,0.0,13600000,360.0,1.0,Rural,Y
Male,Yes,0,Graduate,No,833400,0.0,16000000,360.0,1.0,Semiurban,N
,Yes,0,Graduate,Yes,208300,408300.0,16000000,360.0,,Semiurban,Y
Male,Yes,3+,Graduate,No,774000,0.0,12800000,180.0,1.0,Urban,Y
Male,Yes,0,Graduate,No,301500,218800.0,15300000,360.0,1.0,Rural,Y
Female,No,1,Not Graduate,,519100,0.0,13200000,360.0,1.0,Semiurban,Y
Male,No,0,Graduate,No,416600,0.0,9800000,360.0,0.0,Semiurban,N
Male,No,0,Graduate,No,600000,0.0,14000000,360.0,1.0,Rural,Y
Male,Yes,3+,Not Graduate,No,294700,166400.0,7000000,180.0,0.0,Urban,N
,Yes,0,Graduate,No,1669200,0.0,11000000,360.0,1.0,Semiurban,Y
Female,Yes,2,Not Graduate,,21000,291700.0,9800000,360.0,1.0,Semiurban,Y
Male,Yes,0,Graduate,No,433300,245100.0,11000000,360.0,1.0,Urban,N
Male,Yes,1,Graduate,Yes,345000,207900.0,16200000,360.0,1.0,Semiurban,Y
Male,Yes,1,Not Graduate,No,265300,150000.0,11300000,180.0,0.0,Rural,N
Male,Yes,3+,Graduate,No,469100,0.0,10000000,360.0,1.0,Semiurban,Y
Female,No,0,Graduate,Yes,250000,0.0,9300000,360.0,,Urban,Y
Male,No,2,Graduate,No,553200,464800.0,16200000,360.0,1.0,Rural,Y
Male,Yes,2,Graduate,Yes,1652500,101400.0,15000000,360.0,1.0,Rural,Y
Male,Yes,2,Graduate,No,670000,175000.0,23000000,300.0,1.0,Semiurban,Y
,Yes,2,Graduate,No,287300,187200.0,13200000,360.0,0.0,Semiurban,N
Male,Yes,1,Graduate,Yes,1666700,225000.0,8600000,360.0,1.0,Semiurban,Y
Male,Yes,2,Graduate,No,294700,160300.0,0,360.0,1.0,Urban,N
Female,No,0,Not Graduate,No,435000,0.0,15400000,360.0,1.0,Rural,Y
Male,Yes,3+,Not Graduate,No,309500,0.0,11300000,360.0,1.0,Rural,Y
Male,Yes,0,Graduate,No,208300,315000.0,12800000,360.0,1.0,Semiurban,Y
Male,Yes,0,Graduate,No,1083300,0.0,23400000,360.0,1.0,Semiurban,Y
Male,Yes,2,Graduate,No,833300,0.0,24600000,360.0,1.0,Semiurban,Y
Male,Yes,1,Not Graduate,No,195800,243600.0,13100000,360.0,1.0,Rural,Y
Male,No,2,Graduate,No,354700,0.0,8000000,360.0,0.0,Rural,N
Male,Yes,1,Graduate,No,1833300,0.0,50000000,360.0,1.0,Urban,N
Male,Yes,2,Graduate,Yes,458300,208300.0,16000000,360.0,1.0,Semiurban,Y
Male,No,0,Graduate,No,243500,0.0,7500000,360.0,1.0,Urban,N
Male,No,0,Not Graduate,No,269900,278500.0,9600000,360.0,,Semiurban,Y
Male,Yes,1,Not Graduate,No,533300,113100.0,18600000,360.0,,Urban,Y
Male,No,0,Not Graduate,No,369100,0.0,11000000,360.0,1.0,Rural,Y
Female,No,0,Not Graduate,Yes,1726300,0.0,22500000,360.0,1.0,Semiurban,Y
Male,Yes,0,Graduate,No,359700,215700.0,11900000,360.0,0.0,Rural,N
Female,Yes,1,Graduate,No,332600,91300.0,10500000,84.0,1.0,Semiurban,Y
Male,Yes,0,Not Graduate,No,260000,170000.0,10700000,360.0,1.0,Rural,Y
Male,Yes,0,Graduate,No,462500,285700.0,11100000,12.0,,Urban,Y
Male,Yes,1,Graduate,Yes,289500,0.0,9500000,360.0,1.0,Semiurban,Y
Male,No,0,Graduate,No,628300,441600.0,20900000,360.0,0.0,Rural,N
Female,No,0,Graduate,No,64500,368300.0,11300000,480.0,1.0,Rural,Y
Female,No,0,Graduate,No,315900,0.0,10000000,360.0,1.0,Semiurban,Y
Male,Yes,2,Graduate,No,486500,562400.0,20800000,360.0,1.0,Semiurban,Y
Male,Yes,1,Not Graduate,No,405000,530200.0,13800000,360.0,,Rural,N
Male,Yes,0,Not Graduate,No,381400,148300.0,12400000,300.0,1.0,Semiurban,Y
Male,Yes,2,Graduate,No,351000,441600.0,24300000,360.0,1.0,Rural,Y
Male,Yes,0,Graduate,No,2083300,666700.0,48000000,360.0,,Urban,Y
,No,0,Graduate,No,358300,0.0,9600000,360.0,1.0,Urban,N
Male,Yes,0,Graduate,Yes,247900,301300.0,18800000,360.0,1.0,Urban,Y
Female,No,1,Graduate,No,1326200,0.0,4000000,360.0,1.0,Urban,Y
Male,No,0,Not Graduate,No,359800,128700.0,10000000,360.0,1.0,Rural,N
Male,Yes,1,Graduate,No,606500,200400.0,25000000,360.0,1.0,Semiurban,Y
Male,Yes,2,Graduate,No,328300,203500.0,14800000,360.0,1.0,Urban,Y
Male,Yes,0,Graduate,No,213000,666600.0,7000000,180.0,1.0,Semiurban,N
Male,No,0,Graduate,No,581500,366600.0,31100000,360.0,1.0,Rural,N
Male,Yes,3+,Graduate,No,346600,342800.0,15000000,360.0,1.0,Rural,Y
Female,Yes,2,Graduate,No,203100,163200.0,11300000,480.0,1.0,Semiurban,Y
Male,Yes,,Not Graduate,No,307400,180000.0,12300000,360.0,0.0,Semiurban,N
Male,No,0,Graduate,No,468300,191500.0,18500000,360.0,1.0,Semiurban,N
Female,No,0,Not Graduate,No,340000,0.0,9500000,360.0,1.0,Rural,N
Male,Yes,2,Not Graduate,No,219200,174200.0,4500000,360.0,1.0,Semiurban,Y
Male,No,0,Graduate,No,250000,0.0,5500000,360.0,1.0,Semiurban,Y
Male,Yes,3+,Graduate,Yes,567700,142400.0,10000000,360.0,1.0,Rural,Y
Male,Yes,2,Graduate,Yes,794800,716600.0,48000000,360.0,1.0,Rural,Y
Male,No,0,Graduate,No,468000,208700.0,0,360.0,1.0,Semiurban,N
Male,Yes,2,Graduate,Yes,1750000,0.0,40000000,360.0,1.0,Rural,Y
Male,Yes,0,Graduate,No,377500,0.0,11000000,360.0,1.0,Semiurban,Y
Male,Yes,1,Not Graduate,No,528500,143000.0,16100000,360.0,0.0,Semiurban,Y
Male,No,1,Not Graduate,No,267900,130200.0,9400000,360.0,1.0,Semiurban,Y
Male,No,0,Not Graduate,No,678300,0.0,13000000,360.0,1.0,Semiurban,Y
Male,Yes,0,Graduate,No,102500,550000.0,21600000,360.0,,Rural,Y
Male,Yes,3+,Graduate,No,428100,0.0,10000000,360.0,1.0,Urban,Y
Male,No,2,Graduate,No,358800,0.0,11000000,360.0,0.0,Rural,N
Male,No,1,Graduate,No,1125000,0.0,19600000,360.0,,Semiurban,N
Female,No,0,Not Graduate,Yes,1816500,0.0,12500000,360.0,1.0,Urban,Y
Male,No,0,Not Graduate,,255000,204200.0,12600000,360.0,1.0,Rural,Y
Male,Yes,0,Graduate,No,613300,390600.0,32400000,360.0,1.0,Urban,Y
Male,No,2,Graduate,No,361700,0.0,10700000,360.0,1.0,Semiurban,Y
Male,Yes,0,Not Graduate,No,291700,53600.0,6600000,360.0,1.0,Rural,N
Male,Yes,3+,Graduate,No,641700,0.0,15700000,180.0,1.0,Rural,Y
Female,Yes,1,Graduate,No,460800,284500.0,14000000,180.0,1.0,Semiurban,Y
Female,No,0,Graduate,No,213800,0.0,9900000,360.0,0.0,Semiurban,N
Female,No,1,Graduate,,365200,0.0,9500000,360.0,1.0,Semiurban,Y
Male,Yes,1,Not Graduate,No,223900,252400.0,12800000,360.0,1.0,Urban,Y
Female,Yes,0,Not Graduate,No,301700,66300.0,10200000,360.0,,Semiurban,Y
Male,Yes,0,Graduate,No,276800,195000.0,15500000,360.0,1.0,Rural,Y
Male,No,0,Not Graduate,No,335800,0.0,8000000,36.0,1.0,Semiurban,N
Male,No,0,Graduate,No,252600,178300.0,14500000,360.0,1.0,Rural,Y
Female,No,0,Graduate,No,500000,0.0,10300000,360.0,0.0,Semiurban,N
Male,Yes,0,Graduate,No,278500,201600.0,11000000,360.0,1.0,Rural,Y
Male,Yes,2,Graduate,Yes,663300,0.0,0,360.0,0.0,Rural,N
Male,Yes,1,Not Graduate,No,249200,237500.0,0,360.0,1.0,Rural,Y
Male,Yes,1,Graduate,No,333300,325000.0,15800000,360.0,1.0,Urban,Y
Male,Yes,0,Not Graduate,No,245400,233300.0,18100000,360.0,0.0,Urban,N
Male,Yes,0,Graduate,No,359300,426600.0,13200000,180.0,0.0,Rural,N
Male,Yes,1,Graduate,No,546800,103200.0,2600000,360.0,1.0,Semiurban,Y
Female,No,0,Graduate,No,266700,162500.0,8400000,360.0,,Urban,Y
Male,Yes,3+,Graduate,Yes,1013900,0.0,26000000,360.0,1.0,Semiurban,Y
Male,Yes,0,Graduate,No,388700,266900.0,16200000,360.0,1.0,Semiurban,Y
Female,Yes,0,Graduate,No,418000,230600.0,18200000,360.0,1.0,Semiurban,Y
Male,Yes,2,Not Graduate,No,367500,24200.0,10800000,360.0,1.0,Semiurban,Y
Female,Yes,1,Graduate,Yes,1948400,0.0,60000000,360.0,1.0,Semiurban,Y
Male,Yes,0,Graduate,No,592300,205400.0,21100000,360.0,1.0,Rural,Y
Male,No,0,Not Graduate,Yes,580000,0.0,13200000,360.0,1.0,Semiurban,Y
Male,Yes,2,Graduate,No,879900,0.0,25800000,360.0,0.0,Urban,N
Male,Yes,0,Not Graduate,No,446700,0.0,12000000,360.0,,Rural,Y
Male,No,0,Graduate,No,333300,0.0,7000000,360.0,1.0,Urban,Y
Male,Yes,3+,Graduate,No,340000,250000.0,12300000,360.0,0.0,Rural,N
Female,No,0,Graduate,No,237800,0.0,900000,360.0,1.0,Urban,N
Male,Yes,0,Graduate,No,316600,206400.0,10400000,360.0,0.0,Urban,N
Male,Yes,1,Graduate,No,341700,175000.0,18600000,360.0,1.0,Urban,Y
Male,Yes,,Graduate,No,511600,145100.0,16500000,360.0,0.0,Urban,N
Male,Yes,2,Graduate,No,1666600,0.0,27500000,360.0,1.0,Urban,Y
Male,Yes,2,Not Graduate,No,612500,162500.0,18700000,480.0,1.0,Semiurban,N
Male,Yes,3+,Graduate,No,640600,0.0,15000000,360.0,1.0,Semiurban,N
Male,Yes,2,Graduate,No,315900,46100.0,10800000,84.0,1.0,Urban,Y
,Yes,0,Graduate,No,308700,221000.0,13600000,360.0,0.0,Semiurban,N
Male,No,0,Graduate,No,322900,273900.0,11000000,360.0,1.0,Urban,Y
Male,Yes,1,Graduate,No,178200,223200.0,10700000,360.0,1.0,Rural,Y
Male,No,0,Graduate,,318200,291700.0,16100000,360.0,1.0,Urban,Y
Male,Yes,2,Graduate,No,654000,0.0,20500000,360.0,1.0,Semiurban,Y
Male,No,0,Graduate,No,183600,3383700.0,9000000,360.0,1.0,Urban,N
Female,Yes,0,Graduate,No,316600,0.0,3600000,360.0,1.0,Semiurban,Y
Male,Yes,1,Graduate,No,188000,0.0,6100000,360.0,,Rural,N
Male,Yes,1,Graduate,No,278700,191700.0,14600000,360.0,0.0,Rural,N
Male,Yes,1,Graduate,No,428300,300000.0,17200000,84.0,1.0,Rural,N
Male,Yes,0,Graduate,No,229700,152200.0,10400000,360.0,1.0,Urban,Y
Female,No,0,Not Graduate,No,216500,0.0,7000000,360.0,1.0,Semiurban,Y
,No,0,Graduate,No,475000,0.0,9400000,360.0,1.0,Semiurban,Y
Male,Yes,2,Graduate,Yes,272600,0.0,10600000,360.0,0.0,Semiurban,N
Male,Yes,0,Graduate,No,300000,341600.0,5600000,180.0,1.0,Semiurban,Y
Male,Yes,2,Graduate,Yes,600000,0.0,20500000,240.0,1.0,Semiurban,N
,No,3+,Graduate,Yes,935700,0.0,29200000,360.0,1.0,Semiurban,Y
Male,Yes,0,Graduate,No,385900,330000.0,14200000,180.0,1.0,Rural,Y
Male,Yes,0,Graduate,Yes,1612000,0.0,26000000,360.0,1.0,Urban,Y
Male,No,0,Not Graduate,No,383300,0.0,11000000,360.0,1.0,Rural,Y
Male,Yes,2,Not Graduate,Yes,638300,100000.0,18700000,360.0,1.0,Rural,N
Male,No,,Graduate,No,298700,0.0,8800000,360.0,0.0,Semiurban,N
Male,Yes,0,Graduate,Yes,996300,0.0,18000000,360.0,1.0,Rural,Y
Male,Yes,2,Graduate,No,578000,0.0,19200000,360.0,1.0,Urban,Y
Female,No,3+,Graduate,,41600,4166700.0,35000000,180.0,,Urban,N
Male,Yes,0,Not Graduate,,289400,279200.0,15500000,360.0,1.0,Rural,Y
Male,Yes,3+,Graduate,No,570300,0.0,12800000,360.0,1.0,Urban,Y
Male,No,0,Graduate,No,367600,430100.0,17200000,360.0,1.0,Rural,Y
Female,Yes,1,Graduate,No,1200000,0.0,49600000,360.0,1.0,Semiurban,Y
Male,Yes,0,Not Graduate,No,240000,380000.0,0,180.0,1.0,Urban,N
Male,Yes,1,Graduate,No,340000,250000.0,17300000,360.0,1.0,Semiurban,Y
Male,Yes,2,Not Graduate,No,398700,141100.0,15700000,360.0,1.0,Rural,Y
Male,Yes,0,Graduate,No,323200,195000.0,10800000,360.0,1.0,Rural,Y
Female,No,0,Graduate,No,290000,0.0,7100000,360.0,1.0,Rural,Y
Male,Yes,3+,Graduate,No,410600,0.0,4000000,180.0,1.0,Rural,Y
Male,Yes,1,Graduate,No,807200,24000.0,25300000,360.0,1.0,Urban,Y
Male,Yes,2,Graduate,No,758300,0.0,18700000,360.0,1.0,Urban,Y
Female,No,0,Graduate,Yes,458300,0.0,13300000,360.0,0.0,Semiurban,N
